epoch,step,train_loss,train_top1,train_top5,val_loss,val_top1,val_top5
0,9,6.309052467346191,0.0078125,0.015625,,,
0,19,6.209844589233398,0.0,0.0234375,,,
0,29,5.892333030700684,0.0859375,0.1796875,,,
0,39,5.6480865478515625,0.0859375,0.1875,,,
0,49,5.272361755371094,0.109375,0.25,,,
0,59,4.811796188354492,0.171875,0.3671875,,,
0,69,4.268237113952637,0.2421875,0.4765625,,,
0,79,3.8097453117370605,0.359375,0.6328125,,,
0,89,3.521564245223999,0.3515625,0.6640625,,,
0,91,,,,3.284536123275757,0.46509772539138794,0.735540509223938
1,99,3.190964460372925,0.4921875,0.7265625,,,
1,109,2.9889180660247803,0.578125,0.796875,,,
1,119,2.72690486907959,0.578125,0.84375,,,
1,129,2.7982230186462402,0.5703125,0.765625,,,
1,139,2.577894926071167,0.6328125,0.8515625,,,
1,149,2.455885410308838,0.671875,0.8828125,,,
1,159,2.6946873664855957,0.5546875,0.84375,,,
1,169,2.358762264251709,0.734375,0.84375,,,
1,179,2.3498406410217285,0.671875,0.8671875,,,
1,183,,,,2.1835224628448486,0.7395293116569519,0.9138412475585938
2,189,2.0670716762542725,0.7890625,0.9296875,,,
2,199,2.058183193206787,0.78125,0.9453125,,,
2,209,1.7837270498275757,0.90625,0.9609375,,,
2,219,1.9884696006774902,0.75,0.9453125,,,
2,229,1.8855199813842773,0.828125,0.953125,,,
2,239,1.9098819494247437,0.8203125,0.9375,,,
2,249,1.907483696937561,0.78125,0.9375,,,
2,259,1.6369847059249878,0.90625,0.984375,,,
2,269,2.0844619274139404,0.7578125,0.9140625,,,
2,275,,,,1.8524963855743408,0.8244914412498474,0.9537295699119568
3,279,1.489996314048767,0.9609375,0.9921875,,,
3,289,1.631265640258789,0.90625,0.96875,,,
3,299,1.619553565979004,0.875,0.96875,,,
3,309,1.614117980003357,0.90625,0.9765625,,,
3,319,1.5699913501739502,0.8984375,0.9921875,,,
3,329,1.5686094760894775,0.890625,0.984375,,,
3,339,1.6290578842163086,0.8984375,0.9765625,,,
3,349,1.5825376510620117,0.921875,0.9765625,,,
3,359,1.5676193237304688,0.921875,0.96875,,,
3,367,,,,1.7207062244415283,0.849621057510376,0.9625049829483032
4,369,1.3573477268218994,0.984375,1.0,,,
4,379,1.3959898948669434,0.9453125,1.0,,,
4,389,1.4540570974349976,0.9453125,0.9921875,,,
4,399,1.3845210075378418,0.9453125,1.0,,,
4,409,1.4185291528701782,0.9296875,0.9921875,,,
4,419,1.3604686260223389,0.9453125,0.9921875,,,
4,429,1.3836897611618042,0.96875,1.0,,,
4,439,1.4865727424621582,0.9375,0.984375,,,
4,449,1.4222468137741089,0.9453125,1.0,,,
4,459,1.4239311218261719,0.9411764740943909,0.9803921580314636,,,
4,459,,,,1.6648939847946167,0.8619864583015442,0.9688870906829834
5,469,1.3610364198684692,0.96875,0.9921875,,,
5,479,1.3196141719818115,0.96875,0.9921875,,,
5,489,1.2750152349472046,0.9921875,0.9921875,,,
5,499,1.3543375730514526,0.9375,0.9921875,,,
5,509,1.30162513256073,0.96875,1.0,,,
5,519,1.3802369832992554,0.9375,0.9765625,,,
5,529,1.304903268814087,0.9765625,1.0,,,
5,539,1.3339626789093018,0.9609375,0.984375,,,
5,549,1.2927894592285156,0.9765625,1.0,,,
5,551,,,,1.6440494060516357,0.8795372843742371,0.9641005396842957
6,559,1.2743641138076782,0.9765625,1.0,,,
6,569,1.2496024370193481,0.9921875,1.0,,,
6,579,1.3151382207870483,0.953125,0.9921875,,,
6,589,1.2430588006973267,0.984375,1.0,,,
6,599,1.2751723527908325,0.9765625,0.9921875,,,
6,609,1.2565284967422485,0.9609375,1.0,,,
6,619,1.2686635255813599,0.9765625,0.9921875,,,
6,629,1.297483205795288,0.96875,0.9921875,,,
6,639,1.2870956659317017,0.9609375,1.0,,,
6,643,,,,1.61702561378479,0.8823294639587402,0.9644994139671326
7,649,1.288869857788086,0.9765625,0.9765625,,,
7,659,1.2106618881225586,0.9921875,1.0,,,
7,669,1.215641975402832,1.0,1.0,,,
7,679,1.3033473491668701,0.9453125,0.9921875,,,
7,689,1.235854148864746,0.9921875,0.9921875,,,
7,699,1.2061843872070312,0.984375,1.0,,,
7,709,1.2195966243743896,0.984375,1.0,,,
7,719,1.2127444744110107,0.9921875,1.0,,,
7,729,1.1882261037826538,1.0,1.0,,,
7,735,,,,1.5912671089172363,0.8883126974105835,0.9680893421173096
8,739,1.2092705965042114,0.984375,1.0,,,
8,749,1.1991031169891357,0.984375,1.0,,,
8,759,1.1833397150039673,0.9921875,1.0,,,
8,769,1.1781294345855713,0.984375,1.0,,,
8,779,1.1757121086120605,0.9921875,1.0,,,
8,789,1.198413610458374,0.9921875,1.0,,,
8,799,1.2139534950256348,0.984375,0.9921875,,,
8,809,1.1859679222106934,0.9921875,1.0,,,
8,819,1.1995282173156738,0.984375,1.0,,,
8,827,,,,1.5740878582000732,0.9006780982017517,0.9692860245704651
9,829,1.161614179611206,0.984375,1.0,,,
9,839,1.1888130903244019,1.0,1.0,,,
9,849,1.2124037742614746,0.96875,1.0,,,
9,859,1.148619532585144,0.9921875,0.9921875,,,
9,869,1.170056700706482,0.9921875,1.0,,,
9,879,1.173774003982544,0.9921875,1.0,,,
9,889,1.1390633583068848,0.9921875,1.0,,,
9,899,1.1768667697906494,0.984375,1.0,,,
9,909,1.1712907552719116,0.9765625,1.0,,,
9,919,1.2186990976333618,0.9803921580314636,1.0,,,
9,919,,,,1.5787334442138672,0.8974870443344116,0.9704826474189758
10,929,1.132525086402893,1.0,1.0,,,
10,939,1.1187593936920166,1.0,1.0,,,
10,949,1.1758606433868408,1.0,1.0,,,
10,959,1.1266027688980103,1.0,1.0,,,
10,969,1.1543890237808228,1.0,1.0,,,
10,979,1.1693819761276245,1.0,1.0,,,
10,989,1.123045563697815,1.0,1.0,,,
10,999,1.1316144466400146,0.9921875,1.0,,,
10,1009,1.1199902296066284,0.9921875,1.0,,,
10,1011,,,,1.5669089555740356,0.903071403503418,0.9708815217018127
11,1019,1.1267088651657104,0.9921875,1.0,,,
11,1029,1.1599725484848022,0.984375,0.9921875,,,
11,1039,1.166487693786621,0.984375,1.0,,,
11,1049,1.127191185951233,0.9921875,1.0,,,
11,1059,1.1205753087997437,1.0,1.0,,,
11,1069,1.1440929174423218,1.0,1.0,,,
11,1079,1.1650547981262207,0.9921875,0.9921875,,,
11,1089,1.1530482769012451,0.9921875,1.0,,,
11,1099,1.121187686920166,1.0,1.0,,,
11,1103,,,,1.555497646331787,0.902672529220581,0.9688870906829834
12,1109,1.139535665512085,0.9921875,1.0,,,
12,1119,1.1076772212982178,1.0,1.0,,,
12,1129,1.1215894222259521,1.0,1.0,,,
12,1139,1.1124958992004395,0.9921875,1.0,,,
12,1149,1.1072239875793457,1.0,1.0,,,
12,1159,1.1187872886657715,1.0,1.0,,,
12,1169,1.1355994939804077,0.9921875,1.0,,,
12,1179,1.1011725664138794,1.0,1.0,,,
12,1189,1.1644032001495361,0.9921875,0.9921875,,,
12,1195,,,,1.5453332662582397,0.9070602059364319,0.9704826474189758
13,1199,1.105347752571106,1.0,1.0,,,
13,1209,1.1099282503128052,1.0,1.0,,,
13,1219,1.0948013067245483,1.0,1.0,,,
13,1229,1.1008366346359253,1.0,1.0,,,
13,1239,1.1174359321594238,1.0,1.0,,,
13,1249,1.0911073684692383,1.0,1.0,,,
13,1259,1.0989092588424683,1.0,1.0,,,
13,1269,1.1208997964859009,1.0,1.0,,,
13,1279,1.112235426902771,1.0,1.0,,,
13,1287,,,,1.5487821102142334,0.9094535112380981,0.9708815217018127
14,1289,1.1021567583084106,0.9921875,1.0,,,
14,1299,1.1311644315719604,0.9921875,1.0,,,
14,1309,1.1091885566711426,1.0,1.0,,,
14,1319,1.0970330238342285,1.0,1.0,,,
14,1329,1.107988953590393,0.9921875,1.0,,,
14,1339,1.1293164491653442,0.9921875,1.0,,,
14,1349,1.1120126247406006,0.9921875,1.0,,,
14,1359,1.094415307044983,1.0,1.0,,,
14,1369,1.1153101921081543,0.984375,1.0,,,
14,1379,1.1166647672653198,1.0,1.0,,,
14,1379,,,,1.562103509902954,0.9034702777862549,0.9728759527206421
15,1389,1.1016994714736938,1.0,1.0,,,
15,1399,1.1070244312286377,0.9921875,1.0,,,
15,1409,1.0926109552383423,1.0,1.0,,,
15,1419,1.0903555154800415,1.0,1.0,,,
15,1429,1.0903007984161377,1.0,1.0,,,
15,1439,1.067694067955017,1.0,1.0,,,
15,1449,1.1065053939819336,1.0,1.0,,,
15,1459,1.09624183177948,1.0,1.0,,,
15,1469,1.0753884315490723,1.0,1.0,,,
15,1471,,,,1.5626304149627686,0.9050658345222473,0.9716792702674866
16,1479,1.0813390016555786,1.0,1.0,,,
16,1489,1.1083974838256836,1.0,1.0,,,
16,1499,1.0817666053771973,1.0,1.0,,,
16,1509,1.1269770860671997,0.9921875,1.0,,,
16,1519,1.0923784971237183,1.0,1.0,,,
16,1529,1.091322660446167,1.0,1.0,,,
16,1539,1.1008548736572266,0.9921875,1.0,,,
16,1549,1.0757472515106201,1.0,1.0,,,
16,1559,1.0906020402908325,0.9921875,1.0,,,
16,1563,,,,1.5659372806549072,0.9054647088050842,0.9692860245704651
17,1569,1.074643850326538,1.0,1.0,,,
17,1579,1.101982593536377,1.0,1.0,,,
17,1589,1.0710781812667847,1.0,1.0,,,
17,1599,1.0995190143585205,0.9921875,1.0,,,
17,1609,1.064613938331604,1.0,1.0,,,
17,1619,1.082829236984253,1.0,1.0,,,
17,1629,1.0957517623901367,1.0,1.0,,,
17,1639,1.0832362174987793,1.0,1.0,,,
17,1649,1.0979399681091309,1.0,1.0,,,
17,1655,,,,1.5540906190872192,0.9058635830879211,0.9676904678344727
18,1659,1.0948668718338013,1.0,1.0,,,
18,1669,1.086338996887207,1.0,1.0,,,
18,1679,1.0967450141906738,1.0,1.0,,,
18,1689,1.0708863735198975,1.0,1.0,,,
18,1699,1.0685673952102661,1.0,1.0,,,
18,1709,1.0764163732528687,1.0,1.0,,,
18,1719,1.0807271003723145,1.0,1.0,,,
18,1729,1.0599138736724854,1.0,1.0,,,
18,1739,1.0974262952804565,0.9921875,1.0,,,
18,1747,,,,1.5573521852493286,0.9142401218414307,0.9744715094566345
19,1749,1.0818209648132324,1.0,1.0,,,
19,1759,1.0820790529251099,1.0,1.0,,,
19,1769,1.0881688594818115,1.0,1.0,,,
19,1779,1.055262565612793,1.0,1.0,,,
19,1789,1.0647242069244385,1.0,1.0,,,
19,1799,1.0695472955703735,1.0,1.0,,,
19,1809,1.0715711116790771,1.0,1.0,,,
19,1819,1.0731675624847412,1.0,1.0,,,
19,1829,1.0680959224700928,1.0,1.0,,,
19,1839,1.089854121208191,1.0,1.0,,,
19,1839,,,,1.5773645639419556,0.9042680263519287,0.9740725755691528
20,1849,1.0827990770339966,1.0,1.0,,,
20,1859,1.0746729373931885,0.9921875,1.0,,,
20,1869,1.0730962753295898,1.0,1.0,,,
20,1879,1.0709640979766846,1.0,1.0,,,
20,1889,1.0634700059890747,1.0,1.0,,,
20,1899,1.0688254833221436,1.0,1.0,,,
20,1909,1.0923731327056885,0.9921875,1.0,,,
20,1919,1.0696020126342773,1.0,1.0,,,
20,1929,1.080995798110962,0.9921875,1.0,,,
20,1931,,,,1.5701667070388794,0.9074591398239136,0.9708815217018127
21,1939,1.0676064491271973,1.0,1.0,,,
21,1949,1.0747485160827637,1.0,1.0,,,
21,1959,1.0598576068878174,1.0,1.0,,,
21,1969,1.0575379133224487,1.0,1.0,,,
21,1979,1.060241937637329,1.0,1.0,,,
21,1989,1.0504441261291504,1.0,1.0,,,
21,1999,1.0476888418197632,1.0,1.0,,,
21,2009,1.0801788568496704,0.9921875,1.0,,,
21,2019,1.0664564371109009,1.0,1.0,,,
21,2023,,,,1.56405770778656,0.9078580141067505,0.9728759527206421
22,2029,1.0627762079238892,1.0,1.0,,,
22,2039,1.047956109046936,1.0,1.0,,,
22,2049,1.0722095966339111,1.0,1.0,,,
22,2059,1.060645580291748,1.0,1.0,,,
22,2069,1.0726429224014282,0.9921875,1.0,,,
22,2079,1.0688230991363525,1.0,1.0,,,
22,2089,1.0556933879852295,1.0,1.0,,,
22,2099,1.0854339599609375,0.9921875,1.0,,,
22,2109,1.068627119064331,0.9921875,1.0,,,
22,2115,,,,1.5569508075714111,0.9102513194084167,0.9744715094566345
23,2119,1.049269676208496,1.0,1.0,,,
23,2129,1.064222812652588,1.0,1.0,,,
23,2139,1.0528168678283691,1.0,1.0,,,
23,2149,1.064687728881836,0.9921875,1.0,,,
23,2159,1.0612695217132568,1.0,1.0,,,
23,2169,1.0568257570266724,1.0,1.0,,,
23,2179,1.0671497583389282,1.0,1.0,,,
23,2189,1.0499238967895508,1.0,1.0,,,
23,2199,1.0539335012435913,1.0,1.0,,,
23,2207,,,,1.5513442754745483,0.9150378704071045,0.9728759527206421
24,2209,1.0450464487075806,1.0,1.0,,,
24,2219,1.046449065208435,1.0,1.0,,,
24,2229,1.064997911453247,1.0,1.0,,,
24,2239,1.0482513904571533,1.0,1.0,,,
24,2249,1.0726723670959473,0.9921875,1.0,,,
24,2259,1.048915982246399,1.0,1.0,,,
24,2269,1.0510601997375488,1.0,1.0,,,
24,2279,1.047898292541504,1.0,1.0,,,
24,2289,1.0850454568862915,0.9921875,1.0,,,
24,2299,1.0643599033355713,1.0,1.0,,,
24,2299,,,,1.5855262279510498,0.9158356785774231,0.9700837731361389
25,2309,1.060680866241455,1.0,1.0,,,
25,2319,1.043339729309082,1.0,1.0,,,
25,2329,1.0820460319519043,0.9921875,1.0,,,
25,2339,1.0542999505996704,1.0,1.0,,,
25,2349,1.0461678504943848,1.0,1.0,,,
25,2359,1.0517655611038208,1.0,1.0,,,
25,2369,1.0519766807556152,1.0,1.0,,,
25,2379,1.059375286102295,0.9921875,1.0,,,
25,2389,1.0457903146743774,1.0,1.0,,,
25,2391,,,,1.5619802474975586,0.9178300499916077,0.9740725755691528
26,2399,1.0485682487487793,1.0,1.0,,,
26,2409,1.0447382926940918,1.0,1.0,,,
26,2419,1.0579595565795898,1.0,1.0,,,
26,2429,1.0446035861968994,1.0,1.0,,,
26,2439,1.0596610307693481,0.9921875,1.0,,,
26,2449,1.0363421440124512,1.0,1.0,,,
26,2459,1.0416370630264282,1.0,1.0,,,
26,2469,1.0705751180648804,0.9921875,1.0,,,
26,2479,1.0394200086593628,1.0,1.0,,,
26,2483,,,,1.5692564249038696,0.9218189120292664,0.9748703837394714
27,2489,1.0598249435424805,0.9921875,1.0,,,
27,2499,1.0351945161819458,1.0,1.0,,,
27,2509,1.0585769414901733,0.9921875,1.0,,,
27,2519,1.0321563482284546,1.0,1.0,,,
27,2529,1.047073245048523,1.0,1.0,,,
27,2539,1.0463417768478394,1.0,1.0,,,
27,2549,1.0490683317184448,1.0,1.0,,,
27,2559,1.0439926385879517,1.0,1.0,,,
27,2569,1.0518968105316162,1.0,1.0,,,
27,2575,,,,1.5568324327468872,0.9118468165397644,0.9756681323051453
28,2579,1.0490906238555908,1.0,1.0,,,
28,2589,1.0543419122695923,1.0,1.0,,,
28,2599,1.0344042778015137,1.0,1.0,,,
28,2609,1.0371158123016357,1.0,1.0,,,
28,2619,1.0427767038345337,1.0,1.0,,,
28,2629,1.0369865894317627,1.0,1.0,,,
28,2639,1.0402185916900635,1.0,1.0,,,
28,2649,1.029664397239685,1.0,1.0,,,
28,2659,1.047821044921875,1.0,1.0,,,
28,2667,,,,1.5448050498962402,0.9166334271430969,0.9724770784378052
29,2669,1.0390464067459106,1.0,1.0,,,
29,2679,1.059765100479126,1.0,1.0,,,
29,2689,1.047843098640442,1.0,1.0,,,
29,2699,1.0377174615859985,1.0,1.0,,,
29,2709,1.0413224697113037,1.0,1.0,,,
29,2719,1.0331395864486694,1.0,1.0,,,
29,2729,1.0341100692749023,1.0,1.0,,,
29,2739,1.0433686971664429,1.0,1.0,,,
29,2749,1.0336172580718994,1.0,1.0,,,
29,2759,1.0511934757232666,1.0,1.0,,,
29,2759,,,,1.5684260129928589,0.9194256067276001,0.9728759527206421
30,2769,1.0410678386688232,1.0,1.0,,,
30,2779,1.0382860898971558,1.0,1.0,,,
30,2789,1.0432803630828857,1.0,1.0,,,
30,2799,1.0351712703704834,1.0,1.0,,,
30,2809,1.0339744091033936,1.0,1.0,,,
30,2819,1.0343881845474243,1.0,1.0,,,
30,2829,1.0513577461242676,0.9921875,1.0,,,
30,2839,1.0309197902679443,1.0,1.0,,,
30,2849,1.0404480695724487,1.0,1.0,,,
30,2851,,,,1.5698481798171997,0.9182289838790894,0.9740725755691528
31,2859,1.0368069410324097,1.0,1.0,,,
31,2869,1.0394620895385742,1.0,1.0,,,
31,2879,1.0294910669326782,1.0,1.0,,,
31,2889,1.0413745641708374,1.0,1.0,,,
31,2899,1.0425662994384766,1.0,1.0,,,
31,2909,1.0331354141235352,0.9921875,1.0,,,
31,2919,1.0310776233673096,1.0,1.0,,,
31,2929,1.0425913333892822,1.0,1.0,,,
31,2939,1.0505790710449219,1.0,1.0,,,
31,2943,,,,1.5649290084838867,0.9142401218414307,0.9736737012863159
32,2949,1.0335500240325928,1.0,1.0,,,
32,2959,1.0281447172164917,1.0,1.0,,,
32,2969,1.0220953226089478,1.0,1.0,,,
32,2979,1.0245215892791748,1.0,1.0,,,
32,2989,1.0259361267089844,1.0,1.0,,,
32,2999,1.0313599109649658,1.0,1.0,,,
32,3009,1.0292613506317139,1.0,1.0,,,
32,3019,1.0342906713485718,1.0,1.0,,,
32,3029,1.0263397693634033,1.0,1.0,,,
32,3035,,,,1.5712084770202637,0.919824481010437,0.9756681323051453
33,3039,1.0260218381881714,1.0,1.0,,,
33,3049,1.029563307762146,1.0,1.0,,,
33,3059,1.0200564861297607,1.0,1.0,,,
33,3069,1.0400002002716064,0.9921875,1.0,,,
33,3079,1.0456438064575195,0.9921875,1.0,,,
33,3089,1.0303339958190918,1.0,1.0,,,
33,3099,1.0240086317062378,1.0,1.0,,,
33,3109,1.0426788330078125,0.9921875,1.0,,,
33,3119,1.0218603610992432,1.0,1.0,,,
33,3127,,,,1.5721354484558105,0.9214200377464294,0.9744715094566345
34,3129,1.0294735431671143,1.0,1.0,,,
34,3139,1.025194764137268,1.0,1.0,,,
34,3149,1.0283066034317017,1.0,1.0,,,
34,3159,1.0282323360443115,1.0,1.0,,,
34,3169,1.027504563331604,1.0,1.0,,,
34,3179,1.0193442106246948,1.0,1.0,,,
34,3189,1.0361498594284058,1.0,1.0,,,
34,3199,1.0253925323486328,1.0,1.0,,,
34,3209,1.0149586200714111,1.0,1.0,,,
34,3219,1.0484962463378906,1.0,1.0,,,
34,3219,,,,1.5747350454330444,0.9186278581619263,0.9752692580223083
35,3229,1.024210810661316,1.0,1.0,,,
35,3239,1.0287070274353027,1.0,1.0,,,
35,3249,1.02822744846344,1.0,1.0,,,
35,3259,1.015905737876892,1.0,1.0,,,
35,3269,1.0258547067642212,1.0,1.0,,,
35,3279,1.024550437927246,1.0,1.0,,,
35,3289,1.025743007659912,1.0,1.0,,,
35,3299,1.0168997049331665,1.0,1.0,,,
35,3309,1.0210201740264893,1.0,1.0,,,
35,3311,,,,1.5587822198867798,0.9202233552932739,0.9784603118896484
36,3319,1.0168452262878418,1.0,1.0,,,
36,3329,1.0242277383804321,1.0,1.0,,,
36,3339,1.0311297178268433,0.9921875,1.0,,,
36,3349,1.0174322128295898,1.0,1.0,,,
36,3359,1.0329524278640747,1.0,1.0,,,
36,3369,1.0233283042907715,1.0,1.0,,,
36,3379,1.0170953273773193,1.0,1.0,,,
36,3389,1.0218784809112549,1.0,1.0,,,
36,3399,1.012556552886963,1.0,1.0,,,
36,3403,,,,1.5652395486831665,0.9206222295761108,0.9744715094566345
37,3409,1.0145206451416016,1.0,1.0,,,
37,3419,1.0253996849060059,1.0,1.0,,,
37,3429,1.0081403255462646,1.0,1.0,,,
37,3439,1.0106031894683838,1.0,1.0,,,
37,3449,1.0129523277282715,1.0,1.0,,,
37,3459,1.0135865211486816,1.0,1.0,,,
37,3469,1.012715458869934,1.0,1.0,,,
37,3479,1.028716802597046,1.0,1.0,,,
37,3489,1.0182039737701416,1.0,1.0,,,
37,3495,,,,1.5727912187576294,0.9190267324447632,0.9752692580223083
38,3499,1.013887643814087,1.0,1.0,,,
38,3509,1.0223603248596191,0.9921875,1.0,,,
38,3519,1.0233463048934937,1.0,1.0,,,
38,3529,1.022458553314209,1.0,1.0,,,
38,3539,1.0145695209503174,1.0,1.0,,,
38,3549,1.0256696939468384,0.9921875,1.0,,,
38,3559,1.0286117792129517,1.0,1.0,,,
38,3569,1.0157687664031982,1.0,1.0,,,
38,3579,1.022985577583313,1.0,1.0,,,
38,3587,,,,1.5693610906600952,0.9242122173309326,0.9736737012863159
39,3589,1.0132083892822266,1.0,1.0,,,
39,3599,1.0096083879470825,1.0,1.0,,,
39,3609,1.0091636180877686,1.0,1.0,,,
39,3619,1.0265167951583862,1.0,1.0,,,
39,3629,1.0169614553451538,1.0,1.0,,,
39,3639,1.0229735374450684,1.0,1.0,,,
39,3649,1.0122326612472534,1.0,1.0,,,
39,3659,1.0166901350021362,1.0,1.0,,,
39,3669,1.0137577056884766,1.0,1.0,,,
39,3679,1.0155030488967896,1.0,1.0,,,
39,3679,,,,1.5789507627487183,0.9206222295761108,0.9724770784378052
40,3689,1.0142260789871216,1.0,1.0,,,
40,3699,1.0126315355300903,1.0,1.0,,,
40,3709,1.0101510286331177,1.0,1.0,,,
40,3719,1.0175199508666992,1.0,1.0,,,
40,3729,1.013710618019104,1.0,1.0,,,
40,3739,1.0106302499771118,1.0,1.0,,,
40,3749,1.004249095916748,1.0,1.0,,,
40,3759,1.0074962377548218,1.0,1.0,,,
40,3769,1.0139236450195312,0.9921875,1.0,,,
40,3771,,,,1.5771976709365845,0.9226166605949402,0.9760670065879822
41,3779,1.0140107870101929,1.0,1.0,,,
41,3789,1.0138133764266968,1.0,1.0,,,
41,3799,1.0148602724075317,1.0,1.0,,,
41,3809,1.0102803707122803,1.0,1.0,,,
41,3819,1.0095092058181763,1.0,1.0,,,
41,3829,1.01297926902771,1.0,1.0,,,
41,3839,1.0171054601669312,1.0,1.0,,,
41,3849,1.0067585706710815,1.0,1.0,,,
41,3859,1.0115330219268799,1.0,1.0,,,
41,3863,,,,1.5657958984375,0.9234144687652588,0.9744715094566345
42,3869,1.0060099363327026,1.0,1.0,,,
42,3879,1.0051308870315552,1.0,1.0,,,
42,3889,1.0052236318588257,1.0,1.0,,,
42,3899,1.0122206211090088,1.0,1.0,,,
42,3909,1.0072565078735352,1.0,1.0,,,
42,3919,1.009659767150879,1.0,1.0,,,
42,3929,1.0120137929916382,1.0,1.0,,,
42,3939,1.0073821544647217,1.0,1.0,,,
42,3949,1.0080446004867554,1.0,1.0,,,
42,3955,,,,1.5869770050048828,0.9238133430480957,0.9752692580223083
43,3959,1.0068377256393433,1.0,1.0,,,
43,3969,1.021986484527588,1.0,1.0,,,
43,3979,1.0014262199401855,1.0,1.0,,,
43,3989,1.012708067893982,1.0,1.0,,,
43,3999,1.0157595872879028,0.9921875,1.0,,,
43,4009,1.008060097694397,1.0,1.0,,,
43,4019,1.00075364112854,1.0,1.0,,,
43,4029,1.006056785583496,1.0,1.0,,,
43,4039,1.0024421215057373,1.0,1.0,,,
43,4047,,,,1.564313292503357,0.929397702217102,0.976864755153656
44,4049,1.0132153034210205,1.0,1.0,,,
44,4059,1.0148770809173584,1.0,1.0,,,
44,4069,1.0131261348724365,1.0,1.0,,,
44,4079,1.006339430809021,1.0,1.0,,,
44,4089,0.9954609870910645,1.0,1.0,,,
44,4099,1.0086556673049927,1.0,1.0,,,
44,4109,1.002868890762329,1.0,1.0,,,
44,4119,0.9988532066345215,1.0,1.0,,,
44,4129,0.9969977140426636,1.0,1.0,,,
44,4139,1.008102536201477,1.0,1.0,,,
44,4139,,,,1.5862559080123901,0.9234144687652588,0.9744715094566345
45,4149,1.0052969455718994,1.0,1.0,,,
45,4159,1.0062906742095947,1.0,1.0,,,
45,4169,1.002314567565918,1.0,1.0,,,
45,4179,1.0055811405181885,1.0,1.0,,,
45,4189,1.001650333404541,1.0,1.0,,,
45,4199,0.9981145262718201,1.0,1.0,,,
45,4209,1.0044420957565308,1.0,1.0,,,
45,4219,0.9962975382804871,1.0,1.0,,,
45,4229,1.000224232673645,1.0,1.0,,,
45,4231,,,,1.5631146430969238,0.9301954507827759,0.9752692580223083
46,4239,0.9931915998458862,1.0,1.0,,,
46,4249,1.0045819282531738,1.0,1.0,,,
46,4259,0.9969998598098755,1.0,1.0,,,
46,4269,1.0040980577468872,1.0,1.0,,,
46,4279,1.0041985511779785,1.0,1.0,,,
46,4289,0.996393620967865,1.0,1.0,,,
46,4299,0.9951844215393066,1.0,1.0,,,
46,4309,1.009933590888977,1.0,1.0,,,
46,4319,0.9982744455337524,1.0,1.0,,,
46,4323,,,,1.5839929580688477,0.9289988279342651,0.9752692580223083
47,4329,0.9971036911010742,1.0,1.0,,,
47,4339,1.0074554681777954,1.0,1.0,,,
47,4349,0.9982443451881409,1.0,1.0,,,
47,4359,0.9960591793060303,1.0,1.0,,,
47,4369,1.0009435415267944,1.0,1.0,,,
47,4379,0.995063066482544,1.0,1.0,,,
47,4389,0.9956068396568298,1.0,1.0,,,
47,4399,0.9932306408882141,1.0,1.0,,,
47,4409,0.9940701127052307,1.0,1.0,,,
47,4415,,,,1.5708502531051636,0.9278021454811096,0.9772636890411377
48,4419,0.999476432800293,1.0,1.0,,,
48,4429,1.0071653127670288,1.0,1.0,,,
48,4439,0.9952831268310547,1.0,1.0,,,
48,4449,0.993842601776123,1.0,1.0,,,
48,4459,0.9947438836097717,1.0,1.0,,,
48,4469,0.9897000193595886,1.0,1.0,,,
48,4479,0.998478889465332,1.0,1.0,,,
48,4489,0.9913714528083801,1.0,1.0,,,
48,4499,1.000098705291748,1.0,1.0,,,
48,4507,,,,1.578323483467102,0.926206648349762,0.9744715094566345
49,4509,0.992011547088623,1.0,1.0,,,
49,4519,0.9957038164138794,1.0,1.0,,,
49,4529,0.9995990991592407,1.0,1.0,,,
49,4539,0.9928423166275024,1.0,1.0,,,
49,4549,0.9922756552696228,1.0,1.0,,,
49,4559,0.9937787652015686,1.0,1.0,,,
49,4569,0.991245448589325,1.0,1.0,,,
49,4579,0.9908528923988342,1.0,1.0,,,
49,4589,0.9916932582855225,1.0,1.0,,,
49,4599,0.9953562021255493,1.0,1.0,,,
49,4599,,,,1.5678291320800781,0.932987630367279,0.9760670065879822
50,4609,0.9941763281822205,1.0,1.0,,,
50,4619,0.9923701286315918,1.0,1.0,,,
50,4629,0.9923754930496216,1.0,1.0,,,
50,4639,0.9912076592445374,1.0,1.0,,,
50,4649,1.0015264749526978,1.0,1.0,,,
50,4659,0.9989622831344604,1.0,1.0,,,
50,4669,0.993297815322876,1.0,1.0,,,
50,4679,0.9925357103347778,1.0,1.0,,,
50,4689,1.0027878284454346,1.0,1.0,,,
50,4691,,,,1.5742241144180298,0.9274032711982727,0.9776625633239746
51,4699,0.9906365871429443,1.0,1.0,,,
51,4709,1.0023949146270752,1.0,1.0,,,
51,4719,0.9906026721000671,1.0,1.0,,,
51,4729,0.9926736354827881,1.0,1.0,,,
51,4739,0.9926469326019287,1.0,1.0,,,
51,4749,0.9968301653862,1.0,1.0,,,
51,4759,0.990324079990387,1.0,1.0,,,
51,4769,0.9926654100418091,1.0,1.0,,,
51,4779,0.9949391484260559,1.0,1.0,,,
51,4783,,,,1.5679587125778198,0.9301954507827759,0.9764658808708191
52,4789,0.9921200275421143,1.0,1.0,,,
52,4799,0.9875954389572144,1.0,1.0,,,
52,4809,0.9879941940307617,1.0,1.0,,,
52,4819,0.9884127378463745,1.0,1.0,,,
52,4829,0.9914736747741699,1.0,1.0,,,
52,4839,0.9908210635185242,1.0,1.0,,,
52,4849,0.9946895837783813,1.0,1.0,,,
52,4859,0.989555299282074,1.0,1.0,,,
52,4869,0.9960904717445374,1.0,1.0,,,
52,4875,,,,1.5892795324325562,0.929796576499939,0.9760670065879822
53,4879,0.9944571256637573,1.0,1.0,,,
53,4889,0.9899596571922302,1.0,1.0,,,
53,4899,0.990804135799408,1.0,1.0,,,
53,4909,0.9917869567871094,1.0,1.0,,,
53,4919,0.9937739372253418,1.0,1.0,,,
53,4929,0.9990643262863159,1.0,1.0,,,
53,4939,0.9907568693161011,1.0,1.0,,,
53,4949,0.9976274967193604,1.0,1.0,,,
53,4959,0.9844598770141602,1.0,1.0,,,
53,4967,,,,1.5813044309616089,0.9270043969154358,0.9764658808708191
54,4969,0.9870133996009827,1.0,1.0,,,
54,4979,0.9910733103752136,1.0,1.0,,,
54,4989,0.9965229034423828,1.0,1.0,,,
54,4999,0.9909974336624146,1.0,1.0,,,
54,5009,0.9843720197677612,1.0,1.0,,,
54,5019,0.9868113994598389,1.0,1.0,,,
54,5029,0.9852151274681091,1.0,1.0,,,
54,5039,0.9932276606559753,1.0,1.0,,,
54,5049,0.9888907074928284,1.0,1.0,,,
54,5059,0.9937602281570435,1.0,1.0,,,
54,5059,,,,1.5904874801635742,0.929397702217102,0.9752692580223083
55,5069,0.9878469109535217,1.0,1.0,,,
55,5079,0.988596498966217,1.0,1.0,,,
55,5089,0.9963644742965698,1.0,1.0,,,
55,5099,0.9888697862625122,1.0,1.0,,,
55,5109,0.9903841018676758,1.0,1.0,,,
55,5119,0.9914451241493225,1.0,1.0,,,
55,5129,0.9873005151748657,1.0,1.0,,,
55,5139,0.9872956275939941,1.0,1.0,,,
55,5149,0.9838993549346924,1.0,1.0,,,
55,5151,,,,1.6072343587875366,0.929796576499939,0.9740725755691528
56,5159,0.9910363554954529,1.0,1.0,,,
56,5169,0.9873722195625305,1.0,1.0,,,
56,5179,0.9879018664360046,1.0,1.0,,,
56,5189,0.9857499003410339,1.0,1.0,,,
56,5199,0.9853859543800354,1.0,1.0,,,
56,5209,0.9873002767562866,1.0,1.0,,,
56,5219,0.9866474270820618,1.0,1.0,,,
56,5229,0.9866178631782532,1.0,1.0,,,
56,5239,0.9880923628807068,1.0,1.0,,,
56,5243,,,,1.5963983535766602,0.9289988279342651,0.9764658808708191
57,5249,0.9848435521125793,1.0,1.0,,,
57,5259,0.987454354763031,1.0,1.0,,,
57,5269,0.9852807521820068,1.0,1.0,,,
57,5279,0.9890767335891724,1.0,1.0,,,
57,5289,0.9824914336204529,1.0,1.0,,,
57,5299,0.9868086576461792,1.0,1.0,,,
57,5309,0.9874325394630432,1.0,1.0,,,
57,5319,0.9883950352668762,1.0,1.0,,,
57,5329,0.9895449876785278,1.0,1.0,,,
57,5335,,,,1.5969127416610718,0.9301954507827759,0.9764658808708191
58,5339,0.9871794581413269,1.0,1.0,,,
58,5349,0.9885598421096802,1.0,1.0,,,
58,5359,0.9854350686073303,1.0,1.0,,,
58,5369,0.9835807681083679,1.0,1.0,,,
58,5379,0.985772430896759,1.0,1.0,,,
58,5389,0.9899766445159912,1.0,1.0,,,
58,5399,0.9839486479759216,1.0,1.0,,,
58,5409,0.9843655824661255,1.0,1.0,,,
58,5419,0.9851210117340088,1.0,1.0,,,
58,5427,,,,1.5954190492630005,0.9317910075187683,0.9780614376068115
59,5429,0.9860945343971252,1.0,1.0,,,
59,5439,0.9843612909317017,1.0,1.0,,,
59,5449,0.9882721900939941,1.0,1.0,,,
59,5459,0.986864447593689,1.0,1.0,,,
59,5469,0.9839668869972229,1.0,1.0,,,
59,5479,0.9861124157905579,1.0,1.0,,,
59,5489,0.9901092052459717,1.0,1.0,,,
59,5499,0.9836564660072327,1.0,1.0,,,
59,5509,0.9851616621017456,1.0,1.0,,,
59,5519,0.9843370914459229,1.0,1.0,,,
59,5519,,,,1.6003822088241577,0.9317910075187683,0.976864755153656
60,5529,0.9846228361129761,1.0,1.0,,,
60,5539,0.9873829483985901,1.0,1.0,,,
60,5549,0.9829959869384766,1.0,1.0,,,
60,5559,0.9826656579971313,1.0,1.0,,,
60,5569,0.9811962246894836,1.0,1.0,,,
60,5579,0.9822919964790344,1.0,1.0,,,
60,5589,0.9819766879081726,1.0,1.0,,,
60,5599,0.981386125087738,1.0,1.0,,,
60,5609,0.9830423593521118,1.0,1.0,,,
60,5611,,,,1.5960049629211426,0.9341843128204346,0.9776625633239746
61,5619,0.9823364615440369,1.0,1.0,,,
61,5629,0.987447202205658,1.0,1.0,,,
61,5639,0.9807824492454529,1.0,1.0,,,
61,5649,0.9806032776832581,1.0,1.0,,,
61,5659,0.9791905879974365,1.0,1.0,,,
61,5669,0.9789373874664307,1.0,1.0,,,
61,5679,0.9779263138771057,1.0,1.0,,,
61,5689,0.9828675985336304,1.0,1.0,,,
61,5699,0.9838615655899048,1.0,1.0,,,
61,5703,,,,1.5992603302001953,0.9305943250656128,0.976864755153656
62,5709,0.9857414960861206,1.0,1.0,,,
62,5719,0.9807730913162231,1.0,1.0,,,
62,5729,0.9855220913887024,1.0,1.0,,,
62,5739,0.9850409030914307,1.0,1.0,,,
62,5749,0.9859148859977722,1.0,1.0,,,
62,5759,0.988862931728363,1.0,1.0,,,
62,5769,0.9813106060028076,1.0,1.0,,,
62,5779,0.9798370003700256,1.0,1.0,,,
62,5789,0.9807243347167969,1.0,1.0,,,
62,5795,,,,1.5954852104187012,0.9321898818016052,0.9764658808708191
63,5799,0.9803670644760132,1.0,1.0,,,
63,5809,0.9795908331871033,1.0,1.0,,,
63,5819,0.9817246198654175,1.0,1.0,,,
63,5829,0.9831961989402771,1.0,1.0,,,
63,5839,0.9820340275764465,1.0,1.0,,,
63,5849,0.9802159070968628,1.0,1.0,,,
63,5859,0.9802706837654114,1.0,1.0,,,
63,5869,0.9870784878730774,1.0,1.0,,,
63,5879,0.9815771579742432,1.0,1.0,,,
63,5887,,,,1.5978492498397827,0.9317910075187683,0.9756681323051453
64,5889,0.9838773608207703,1.0,1.0,,,
64,5899,0.9826326370239258,1.0,1.0,,,
64,5909,0.982578456401825,1.0,1.0,,,
64,5919,0.9811684489250183,1.0,1.0,,,
64,5929,0.9793208241462708,1.0,1.0,,,
64,5939,0.9800805449485779,1.0,1.0,,,
64,5949,0.9846802949905396,1.0,1.0,,,
64,5959,0.981458306312561,1.0,1.0,,,
64,5969,0.9815739989280701,1.0,1.0,,,
64,5979,0.9863580465316772,1.0,1.0,,,
64,5979,,,,1.602540373802185,0.9337853789329529,0.9764658808708191
65,5989,0.9791455268859863,1.0,1.0,,,
65,5999,0.981839656829834,1.0,1.0,,,
65,6009,0.987646222114563,1.0,1.0,,,
65,6019,0.979952335357666,1.0,1.0,,,
65,6029,0.9861239790916443,1.0,1.0,,,
65,6039,0.9821128845214844,1.0,1.0,,,
65,6049,0.9791637063026428,1.0,1.0,,,
65,6059,0.9813174605369568,1.0,1.0,,,
65,6069,0.9799200296401978,1.0,1.0,,,
65,6071,,,,1.6102972030639648,0.9321898818016052,0.976864755153656
66,6079,0.9770715832710266,1.0,1.0,,,
66,6089,0.9797366857528687,1.0,1.0,,,
66,6099,0.9778134822845459,1.0,1.0,,,
66,6109,0.9856672883033752,1.0,1.0,,,
66,6119,0.9799126386642456,1.0,1.0,,,
66,6129,0.9799487590789795,1.0,1.0,,,
66,6139,0.9766553640365601,1.0,1.0,,,
66,6149,0.9780268669128418,1.0,1.0,,,
66,6159,0.9801216125488281,1.0,1.0,,,
66,6163,,,,1.6026582717895508,0.9325887560844421,0.9764658808708191
67,6169,0.9810751676559448,1.0,1.0,,,
67,6179,0.9783270359039307,1.0,1.0,,,
67,6189,0.981237530708313,1.0,1.0,,,
67,6199,0.9851812124252319,1.0,1.0,,,
67,6209,0.981706440448761,1.0,1.0,,,
67,6219,0.9829034805297852,1.0,1.0,,,
67,6229,0.9764725565910339,1.0,1.0,,,
67,6239,0.9786064028739929,1.0,1.0,,,
67,6249,0.9787343740463257,1.0,1.0,,,
67,6255,,,,1.6034088134765625,0.9357798099517822,0.9748703837394714
68,6259,0.9794632792472839,1.0,1.0,,,
68,6269,0.9799870252609253,1.0,1.0,,,
68,6279,0.9817197322845459,1.0,1.0,,,
68,6289,0.981620192527771,1.0,1.0,,,
68,6299,0.9811891317367554,1.0,1.0,,,
68,6309,0.9795956611633301,1.0,1.0,,,
68,6319,0.9787231683731079,1.0,1.0,,,
68,6329,0.9787019491195679,1.0,1.0,,,
68,6339,0.9887498617172241,1.0,1.0,,,
68,6347,,,,1.6054422855377197,0.9313920736312866,0.9764658808708191
69,6349,0.9772289395332336,1.0,1.0,,,
69,6359,0.9828912019729614,1.0,1.0,,,
69,6369,0.9810376763343811,1.0,1.0,,,
69,6379,0.9782183170318604,1.0,1.0,,,
69,6389,0.9756664633750916,1.0,1.0,,,
69,6399,0.9817173480987549,1.0,1.0,,,
69,6409,0.9814673662185669,1.0,1.0,,,
69,6419,0.9785416722297668,1.0,1.0,,,
69,6429,0.9800114631652832,1.0,1.0,,,
69,6439,0.9842880368232727,1.0,1.0,,,
69,6439,,,,1.61175537109375,0.9349820613861084,0.9748703837394714
70,6449,0.9814571142196655,1.0,1.0,,,
70,6459,0.9828787446022034,1.0,1.0,,,
70,6469,0.9774407148361206,1.0,1.0,,,
70,6479,0.9784333109855652,1.0,1.0,,,
70,6489,0.9779036045074463,1.0,1.0,,,
70,6499,0.9794027805328369,1.0,1.0,,,
70,6509,0.9795204997062683,1.0,1.0,,,
70,6519,0.9777847528457642,1.0,1.0,,,
70,6529,0.9832859635353088,1.0,1.0,,,
70,6531,,,,1.606677532196045,0.932987630367279,0.9752692580223083
71,6539,0.981712281703949,1.0,1.0,,,
71,6549,0.9782549142837524,1.0,1.0,,,
71,6559,0.9781584143638611,1.0,1.0,,,
71,6569,0.9768468737602234,1.0,1.0,,,
71,6579,0.9791861176490784,1.0,1.0,,,
71,6589,0.9859974384307861,1.0,1.0,,,
71,6599,0.9779145121574402,1.0,1.0,,,
71,6609,0.9804653525352478,1.0,1.0,,,
71,6619,0.9769251942634583,1.0,1.0,,,
71,6623,,,,1.6108558177947998,0.932987630367279,0.9760670065879822
72,6629,0.9798767566680908,1.0,1.0,,,
72,6639,0.9785990715026855,1.0,1.0,,,
72,6649,0.9787902235984802,1.0,1.0,,,
72,6659,0.9792771935462952,1.0,1.0,,,
72,6669,0.9792215824127197,1.0,1.0,,,
72,6679,0.9759595990180969,1.0,1.0,,,
72,6689,0.9784170985221863,1.0,1.0,,,
72,6699,0.976960301399231,1.0,1.0,,,
72,6709,0.9795921444892883,1.0,1.0,,,
72,6715,,,,1.6064863204956055,0.9313920736312866,0.9760670065879822
73,6719,0.9855698943138123,1.0,1.0,,,
73,6729,0.9795728921890259,1.0,1.0,,,
73,6739,0.9760981202125549,1.0,1.0,,,
73,6749,0.9765241742134094,1.0,1.0,,,
73,6759,0.9791200757026672,1.0,1.0,,,
73,6769,0.9782101511955261,1.0,1.0,,,
73,6779,0.9796603322029114,1.0,1.0,,,
73,6789,0.978157103061676,1.0,1.0,,,
73,6799,0.9806486368179321,1.0,1.0,,,
73,6807,,,,1.6129584312438965,0.9321898818016052,0.9756681323051453
74,6809,0.9758004546165466,1.0,1.0,,,
74,6819,0.9748057126998901,1.0,1.0,,,
74,6829,0.9770423769950867,1.0,1.0,,,
74,6839,0.9831798672676086,1.0,1.0,,,
74,6849,0.9782591462135315,1.0,1.0,,,
74,6859,0.9787927865982056,1.0,1.0,,,
74,6869,0.9800382852554321,1.0,1.0,,,
74,6879,0.9758495688438416,1.0,1.0,,,
74,6889,0.9756627082824707,1.0,1.0,,,
74,6899,0.9772593975067139,1.0,1.0,,,
74,6899,,,,1.6082762479782104,0.9313920736312866,0.9756681323051453
75,6909,0.9777752161026001,1.0,1.0,,,
75,6919,0.9778846502304077,1.0,1.0,,,
75,6929,0.9796070456504822,1.0,1.0,,,
75,6939,0.9758052825927734,1.0,1.0,,,
75,6949,0.9787388443946838,1.0,1.0,,,
75,6959,0.9760720133781433,1.0,1.0,,,
75,6969,0.9782293438911438,1.0,1.0,,,
75,6979,0.9805679321289062,1.0,1.0,,,
75,6989,0.9801601767539978,1.0,1.0,,,
75,6991,,,,1.6140183210372925,0.9321898818016052,0.9760670065879822
76,6999,0.975921630859375,1.0,1.0,,,
76,7009,0.9784998893737793,1.0,1.0,,,
76,7019,0.9773218035697937,1.0,1.0,,,
76,7029,0.9799060821533203,1.0,1.0,,,
76,7039,0.9760698676109314,1.0,1.0,,,
76,7049,0.978571891784668,1.0,1.0,,,
76,7059,0.9767192006111145,1.0,1.0,,,
76,7069,0.9742077589035034,1.0,1.0,,,
76,7079,0.9763613939285278,1.0,1.0,,,
76,7083,,,,1.6074261665344238,0.9341843128204346,0.976864755153656
77,7089,0.9846231937408447,1.0,1.0,,,
77,7099,0.9756650924682617,1.0,1.0,,,
77,7109,0.9782527685165405,1.0,1.0,,,
77,7119,0.9792478680610657,1.0,1.0,,,
77,7129,0.9749016761779785,1.0,1.0,,,
77,7139,0.9826188087463379,1.0,1.0,,,
77,7149,0.9773964285850525,1.0,1.0,,,
77,7159,0.9759362936019897,1.0,1.0,,,
77,7169,0.9764936566352844,1.0,1.0,,,
77,7175,,,,1.614816427230835,0.932987630367279,0.9760670065879822
78,7179,0.977324903011322,1.0,1.0,,,
78,7189,0.9756562113761902,1.0,1.0,,,
78,7199,0.9759032726287842,1.0,1.0,,,
78,7209,0.979429304599762,1.0,1.0,,,
78,7219,0.9792912602424622,1.0,1.0,,,
78,7229,0.9758965373039246,1.0,1.0,,,
78,7239,0.9765281677246094,1.0,1.0,,,
78,7249,0.9784598350524902,1.0,1.0,,,
78,7259,0.9741885662078857,1.0,1.0,,,
78,7267,,,,1.6129837036132812,0.9301954507827759,0.9756681323051453
79,7269,0.9779171943664551,1.0,1.0,,,
79,7279,0.9831351041793823,1.0,1.0,,,
79,7289,0.9768005609512329,1.0,1.0,,,
79,7299,0.9774777889251709,1.0,1.0,,,
79,7309,0.9781824350357056,1.0,1.0,,,
79,7319,0.9776474237442017,1.0,1.0,,,
79,7329,0.9793933033943176,1.0,1.0,,,
79,7339,0.9812847971916199,1.0,1.0,,,
79,7349,0.9766009449958801,1.0,1.0,,,
79,7359,0.980450451374054,1.0,1.0,,,
79,7359,,,,1.614047646522522,0.9325887560844421,0.9764658808708191
